Barcode,Stock
 , 
CROSSOVER SIZE 36/38 : Item Barcodes : 8719134052824,15
CROSSOVER SIZE 40/42 : Item Barcodes : 8719134052831,4
DRESS LONG SIZE 34 : Item Barcodes : 8719134052732,50
DRESS LONG SIZE 36 : Item Barcodes : 8719134052749,43
DRESS LONG SIZE 38 : Item Barcodes : 8719134052756,38
DRESS LONG SIZE 40 : Item Barcodes : 8719134052770,8
DRESS LONG SIZE 42 : Item Barcodes : 8719134052763,19
DRESS LONG SIZE 44 : Item Barcodes : 8719134052787,25
DRESS LONG SIZE 46 : Item Barcodes : 8719134052794,31
DRESS LONG SIZE 48 : Item Barcodes : 8719134052800,19
DRESS LONG SIZE 50 : Item Barcodes : 8719134052817,18
DRESS SHORT SIZE 32 : Item Barcodes : 8719134052633,65
DRESS SHORT SIZE 34 : Item Barcodes : 8719134052640,74
DRESS SHORT SIZE 36 : Item Barcodes : 8719134052657,30
DRESS SHORT SIZE 38 : Item Barcodes : 8719134052664,49
DRESS SHORT SIZE 40 : Item Barcodes : 8719134052671,50
DRESS SHORT SIZE 42 : Item Barcodes : 8719134052688,55
DRESS SHORT SIZE 44 : Item Barcodes : 8719134052695,20
DRESS SHORT SIZE 46 : Item Barcodes : 8719134052701,31
DRESS SHORT SIZE 48 : Item Barcodes : 8719134052718,18
DRESS SHORT SIZE 50 : Item Barcodes : 8719134052725,12
LOCAL ACTIVATION BELT : Item Barcodes : 8719134053173,85
Men shopwear shirt 37 : Item Barcodes : 8719134074000,31
Men shopwear shirt 38 : Item Barcodes : 8719134074017,41
Men shopwear shirt 39 : Item Barcodes : 8719134074024,42
Men shopwear shirt 40 : Item Barcodes : 8719134074031,36
Men shopwear shirt 41 : Item Barcodes : 8719134074048,23
Men shopwear shirt 42 : Item Barcodes : 8719134074055,28
Men shopwear shirt 43 : Item Barcodes : 8719134074062,23
Men shopwear shirt 44 : Item Barcodes : 8719134074079,28
MEN TROUSERS SIZE 42 : Item Barcodes : 8719134053081,61
MEN TROUSERS SIZE 44 : Item Barcodes : 8719134053098,7
MEN TROUSERS SIZE 46 : Item Barcodes : 8719134053104,22
MEN TROUSERS SIZE 48 : Item Barcodes : 8719134053111,19
MEN TROUSERS SIZE 50 : Item Barcodes : 8719134053128,20
MEN TROUSERS SIZE 52 : Item Barcodes : 8719134053135,12
MEN TROUSERS SIZE 54 : Item Barcodes : 8719134053142,15
SCARF 2016 : Item Barcodes : 8719134000825,85
Shopwear Headscarf : Item Barcodes : 8719134153149,36
TROUSERS LONG SIZE 34 : Item Barcodes : 8719134052350,30
TROUSERS LONG SIZE 36 : Item Barcodes : 8719134052435,53
TROUSERS LONG SIZE 38 : Item Barcodes : 8719134052367,44
TROUSERS LONG SIZE 40 : Item Barcodes : 8719134052374,55
TROUSERS LONG SIZE 42 : Item Barcodes : 8719134052381,45
TROUSERS LONG SIZE 44 : Item Barcodes : 8719134052398,80
TROUSERS LONG SIZE 46 : Item Barcodes : 8719134052404,59
TROUSERS LONG SIZE 48 : Item Barcodes : 8719134052411,27
TROUSERS LONG SIZE 50 : Item Barcodes : 8719134052428,28
TROUSERS SHORT SIZE 32 : Item Barcodes : 8719134052251,43
TROUSERS SHORT SIZE 34 : Item Barcodes : 8719134052268,22
TROUSERS SHORT SIZE 36 : Item Barcodes : 8719134052275,45
TROUSERS SHORT SIZE 38 : Item Barcodes : 8719134052282,63
TROUSERS SHORT SIZE 40 : Item Barcodes : 8719134052299,0
TROUSERS SHORT SIZE 42 : Item Barcodes : 8719134052305,41
TROUSERS SHORT SIZE 44 : Item Barcodes : 8719134052312,29
TROUSERS SHORT SIZE 46 : Item Barcodes : 8719134052329,28
TROUSERS SHORT SIZE 48 : Item Barcodes : 8719134052336,39
TROUSERS SHORT SIZE 50 : Item Barcodes : 8719134052343,31
T-SHIRT LONG SLEEVE L : Item Barcodes : 8719134052879,44
T-SHIRT LONG SLEEVE M : Item Barcodes : 8719134052862,43
T-SHIRT LONG SLEEVE S : Item Barcodes : 8719134052855,1
T-SHIRT LONG SLEEVE XL : Item Barcodes : 8719134052886,16
T-SHIRT LONG SLEEVE XS : Item Barcodes : 8719134052848,28
T-Shirt Long Sleeve Xxl : Item Barcodes : 8719134053159,0
TUNIC SHORT SIZE 42 : Item Barcodes : 8719134052497,30
TUNIC SHORT SIZE 44 : Item Barcodes : 8719134052503,19
