Region,Store
            ,   
Kuwait,85133:RI AVENUE MALL-KUWAIT
Kuwait,15036:RI 360 MALL
Kuwait,35895:RI MARINA MALL-KUWAIT
Kuwait,54626:RI ALKOUT MALL
Kuwait,95561:RI ASSIMA MALL
Saudi Arabia,15492:RI MALL OF DHAHRAN
United Arab Emirates,84939:RI DUBAI MALL
United Arab Emirates,94585:RI YAS MALL
Qatar,64653:RI DOHA FESTIVAL CITY
Kuwait,25366:RI GATE MALL
United Arab Emirates,54459:RI BAWADI MALL
Bahrain,44567:RI CITY CENTRE BAHRAIN
Qatar,16106:RI MALL OF QATAR 2
Saudi Arabia,35494:RI NAKHEEL MALL-RIYADH
United Arab Emirates,34460:RI MIRDIFF CITY CENTRE
Saudi Arabia,35493:RI HAMRA MALL RIYADH
United Arab Emirates,61784:RI MALL OF THE EMIRATES
Qatar,15527:RI VENDOME MALL DOHA
Qatar,34481:RI VILLAGIO MALL
Saudi Arabia,46088:RI RIYADH PARK MALL
United Arab Emirates,35766:RI DUBAI HILLS
Oman,45013:RI MALL OF OMAN
Oman,44654:RI CITY CENTRE MUSCAT
United Arab Emirates,94458:RI DUBAI OUTLET MALL
Qatar,83114:RI  LAGOONA MALL
Saudi Arabia,75680:RI KHALEEJ MALL-RIYADH
United Arab Emirates,74541:RI MARINA MALL-DUBAI
Kuwait,76164:RI AL KHIRAN MALL
Qatar,93919:RI LANDMARK MALL
United Arab Emirates,21158:RI MARINA MALL-AXD
Saudi Arabia,75473:RI JEDDAH PARK-JEDDAH
Saudi Arabia,15474:RI GALLERIA MALL RIYADH
United Arab Emirates,64457:RI IBN BATUTA MALL
United Arab Emirates,64540:RI ARABIAN CENTRE
United Arab Emirates,24597:RI WORLD TRADE CENTER-ABU DHABI
United Arab Emirates,24559:RI AJMAN CITY CENTRE
Saudi Arabia,15986:RI RASHID MALL - ABHA
Oman,63868:RI MUSCAT GRAND MALL
Kuwait,16321:RI THE WAREHOUSE MALL -KUWAIT
Saudi Arabia,76456:RI RED SEA MALL
Saudi Arabia,76507:RI THE VILLAGE MALL-JEDDAH
United Arab Emirates,41242:GRAND CENTRALE -AJMAN
Bahrain,76522:RI MARASSI GALLERIA MALL-BAHRAIN
Saudi Arabia,46695:RI RIYADH PARK MALL 2
Kuwait,96617:RI THE PROMINADE MALL
Saudi Arabia,66653:RI NAKHEEL MALL-DAMMAM
United Arab Emirates,16689:RI AL JIMMI MALL
United Arab Emirates,26070:RI REEM MALL-ABU DHABI
United Arab Emirates,36687:RI DEIRA CITY CENTRE
United Arab Emirates,96686:RI NAKHEEL MALL DUBAI
Qatar,26479:RI Doha Mall
Saudi Arabia,25908:RI GRANADA MALL
Saudi Arabia,36681:RI U WALK-JEDDAH
United Arab Emirates,56791:RI FORSAN CENTRAL MALL-ABU DHABI
United Arab Emirates,96790:RI SILICON CENTRAL MALL
Saudi Arabia,76730:RI PANORAMA MALL-RIYADH
United Arab Emirates,76792:RI DUBAI FESTIVAL CITY
Saudi Arabia,46509:RI SOLITAIRE MALL-RIYADH
United Arab Emirates,26862:RI DALMA MALL
United Arab Emirates,24655:RI MERCATO CENTRE
Saudi Arabia,16192:OL AL KIFAH PLAZA-KHOBAR
Qatar,4337:AP PROMOTION SALE-DOHA LOC
Saudi Arabia,56934:RI MAKKAH MALL
Bahrain,76959:RI AVENUES MALL-BAHRAIN
Saudi Arabia,36943:RI MALL OF ARABIA
Saudi Arabia,36928:RI FAISALIAH MALL
United Arab Emirates,16973:RI SPRINGS VILLAGE
United Arab Emirates,27067:RI AL KHAIL AVENUE MALL-DUBAI
Oman,26883:RI AVENUE MALL-OMAN
